date,kind,mime_type,size_kb,width,height,url
2022-01-04T22:08:19,original,image/png,903.3,962,901,https://copyposse.com/wp-content/uploads/2022/01/home_whatshot_launchpad2.png
2022-01-07T12:40:29,original,application/pdf,98.6,,,https://copyposse.com/wp-content/uploads/2022/01/REIGN-Calendar-January-2022.pdf
2022-01-10T20:52:04,original,application/pdf,304.1,,,https://copyposse.com/wp-content/uploads/2022/01/CPLP-S2-Certificate-Jenny-Sanchez.pdf
2022-01-12T14:11:18,original,application/pdf,304.0,,,https://copyposse.com/wp-content/uploads/2022/01/CPLP-S2-Certificate-Ferlin-Mok.pdf
2022-01-13T14:12:28,original,application/pdf,1956.0,,,https://copyposse.com/wp-content/uploads/2022/01/CPLP-Module-1-Workbook.pdf
2022-01-13T20:09:53,original,application/pdf,40529.0,,,https://copyposse.com/wp-content/uploads/2022/01/CPLP-Week-2-Slides.pdf
2022-01-13T20:33:24,original,application/pdf,3132.8,,,https://copyposse.com/wp-content/uploads/2022/01/CPLP-Module-2-Workbook.pdf
2022-01-13T20:53:06,original,application/pdf,42473.1,,,https://copyposse.com/wp-content/uploads/2022/01/CPLP-Week-3-Slides.pdf
2022-01-14T21:06:26,original,application/pdf,14413.9,,,https://copyposse.com/wp-content/uploads/2022/01/Legado-Family-Brand-Bible.pdf
2022-01-16T17:20:42,original,application/pdf,1031.6,,,https://copyposse.com/wp-content/uploads/2022/01/Coach-Co-Details.pdf
2022-01-16T17:49:14,original,application/pdf,91.3,,,https://copyposse.com/wp-content/uploads/2022/01/6-Figure-Sales_Content-Repurposing_Offer-Info_CopyPosse.pdf
2022-01-16T18:20:09,original,application/pdf,48.0,,,https://copyposse.com/wp-content/uploads/2022/01/6-Figure-Speaker-Avatar-Jan-2020.pdf
2022-01-16T18:22:05,original,application/pdf,102.2,,,https://copyposse.com/wp-content/uploads/2022/01/BT-Creative-Writing-Brief.pdf
2022-01-16T18:35:18,original,application/pdf,135.2,,,https://copyposse.com/wp-content/uploads/2022/01/FEMMEFLUENCE-TABLE-EMAILS.pdf
2022-01-16T19:08:33,original,application/pdf,158.8,,,https://copyposse.com/wp-content/uploads/2022/01/EBOOK_FOR-_JENNIFER-MCLEAN-_EDIT.pdf
2022-01-16T19:26:47,original,application/pdf,131.8,,,https://copyposse.com/wp-content/uploads/2022/01/LS-MK-Program-Brief.pdf
2022-01-17T12:24:38,original,application/pdf,127.2,,,https://copyposse.com/wp-content/uploads/2022/01/Old_Copy_TheYogaCode_ElevationCode.pdf
2022-01-17T14:51:24,original,application/pdf,302.5,,,https://copyposse.com/wp-content/uploads/2022/01/CPLPS3-Schedule.pdf
2022-01-18T14:35:32,original,application/pdf,20652.3,,,https://copyposse.com/wp-content/uploads/2022/01/LP-Week-1-Slides.pdf
2022-01-18T15:22:23,original,application/pdf,21894.2,,,https://copyposse.com/wp-content/uploads/2022/01/CPLP-Kickoff-Call-Slides.pdf
2022-01-20T16:40:49,original,application/pdf,413.5,,,https://copyposse.com/wp-content/uploads/2022/01/LPS3-A-List-Product-List.pdf
2022-01-26T17:44:56,original,application/pdf,502.3,,,https://copyposse.com/wp-content/uploads/2022/01/Customer-Avatar-Example.pdf
2022-01-26T17:44:59,original,application/pdf,158.0,,,https://copyposse.com/wp-content/uploads/2022/01/23-Posse-Approved-Psychological-Triggers.pdf
2022-01-26T23:36:57,original,image/png,88.6,1920,1080,https://copyposse.com/wp-content/uploads/2022/01/REIGN-Calendar-January-2022.png
2022-01-26T23:40:40,original,image/png,87.2,1920,1080,https://copyposse.com/wp-content/uploads/2022/01/REIGN-Calendar-February-2022.png
2022-01-28T08:25:46,original,application/pdf,3007.3,,,https://copyposse.com/wp-content/uploads/2022/01/CPLP-Module-2-Workbook-1.pdf
2022-01-30T15:33:58,original,application/pdf,52.5,,,https://copyposse.com/wp-content/uploads/2022/01/Direct-Response-Copywriter-Job-Description-1.pdf
2022-01-30T23:17:01,original,image/png,62.1,385,356,https://copyposse.com/wp-content/uploads/2022/01/writeignite.png
2022-01-30T23:17:04,original,image/jpeg,146.9,1600,814,https://copyposse.com/wp-content/uploads/2022/01/banner_bg.jpg
2022-01-30T23:31:57,original,image/jpeg,205.3,913,966,https://copyposse.com/wp-content/uploads/2022/01/bg_millions.jpg
2022-01-30T23:32:00,original,image/png,17.7,560,202,https://copyposse.com/wp-content/uploads/2022/01/t_millions.png
2022-01-30T23:40:12,original,image/jpeg,158.8,839,773,https://copyposse.com/wp-content/uploads/2022/01/bg_millions_mobile.jpg
2022-01-30T23:40:14,original,image/jpeg,215.0,890,1089,https://copyposse.com/wp-content/uploads/2022/01/bg_millions-1.jpg
2022-01-31T00:19:14,original,image/jpeg,65.6,1599,1802,https://copyposse.com/wp-content/uploads/2022/01/bg_learn.jpg
2022-01-31T00:19:17,original,image/png,25.6,688,203,https://copyposse.com/wp-content/uploads/2022/01/t_learn.png
2022-01-31T00:19:44,original,image/jpeg,65.6,1599,1802,https://copyposse.com/wp-content/uploads/2022/01/bg_learn-1.jpg
2022-01-31T00:25:07,original,image/jpeg,13.4,487,43,https://copyposse.com/wp-content/uploads/2022/01/t_day1.jpg
2022-01-31T00:25:09,original,image/jpeg,12.9,463,43,https://copyposse.com/wp-content/uploads/2022/01/t_day5.jpg
2022-01-31T00:25:11,original,image/jpeg,12.2,420,45,https://copyposse.com/wp-content/uploads/2022/01/t_day4.jpg
2022-01-31T00:25:13,original,image/jpeg,10.4,315,44,https://copyposse.com/wp-content/uploads/2022/01/t_day3.jpg
2022-01-31T00:25:15,original,image/jpeg,10.9,360,44,https://copyposse.com/wp-content/uploads/2022/01/t_day2.jpg
2022-01-31T00:38:57,original,image/jpeg,206.7,817,1301,https://copyposse.com/wp-content/uploads/2022/01/bg_5days.jpg
2022-01-31T00:39:00,original,image/png,9.5,640,85,https://copyposse.com/wp-content/uploads/2022/01/t_5days.png
2022-01-31T00:39:02,original,image/jpeg,101.4,817,731,https://copyposse.com/wp-content/uploads/2022/01/bg_5days_mobile.jpg
2022-01-31T00:44:15,original,image/jpeg,230.9,817,1511,https://copyposse.com/wp-content/uploads/2022/01/bg_5days-1.jpg
2022-01-31T00:53:51,original,image/jpeg,154.3,1640,887,https://copyposse.com/wp-content/uploads/2022/01/bg_about.jpg
2022-01-31T00:56:19,original,image/jpeg,108.9,1640,887,https://copyposse.com/wp-content/uploads/2022/01/bg_about-1.jpg
2022-01-31T00:58:07,original,image/jpeg,101.5,1084,887,https://copyposse.com/wp-content/uploads/2022/01/bg_about-2.jpg
2022-01-31T01:00:00,original,image/png,79.8,547,517,https://copyposse.com/wp-content/uploads/2022/01/bg_about2.png
2022-01-31T01:10:17,original,image/png,40.7,780,189,https://copyposse.com/wp-content/uploads/2022/01/money_page.png
2022-01-31T01:10:19,original,image/jpeg,224.2,1235,1136,https://copyposse.com/wp-content/uploads/2022/01/bg_mpage.jpg
2022-01-31T01:45:54,original,image/png,6.3,586,50,https://copyposse.com/wp-content/uploads/2022/01/t_who.png
2022-01-31T01:45:56,original,image/png,516.7,819,808,https://copyposse.com/wp-content/uploads/2022/01/bg_who.png
2022-01-31T01:53:10,original,image/png,55.0,734,844,https://copyposse.com/wp-content/uploads/2022/01/bg_who-1.png
2022-01-31T01:53:32,original,image/png,603.6,542,1130,https://copyposse.com/wp-content/uploads/2022/01/bg_who2.png
2022-01-31T02:11:56,original,image/jpeg,112.5,808,615,https://copyposse.com/wp-content/uploads/2022/01/bg_ready.jpg
2022-01-31T02:52:45,original,image/jpeg,42.3,1588,1071,https://copyposse.com/wp-content/uploads/2022/01/bg_faq.jpg
2022-01-31T02:55:33,original,image/jpeg,73.5,1027,407,https://copyposse.com/wp-content/uploads/2022/01/morelove.jpg
2022-01-31T03:18:07,original,image/jpeg,79.3,833,436,https://copyposse.com/wp-content/uploads/2022/01/bonus1.jpg
2022-01-31T03:18:09,original,image/jpeg,57.9,833,436,https://copyposse.com/wp-content/uploads/2022/01/bonus3.jpg
2022-01-31T03:18:11,original,image/jpeg,77.9,833,436,https://copyposse.com/wp-content/uploads/2022/01/bonus2.jpg
2022-01-31T03:25:14,original,image/jpeg,252.7,1600,1164,https://copyposse.com/wp-content/uploads/2022/01/bg_join.jpg
2022-01-31T03:28:35,original,image/jpeg,8.5,335,98,https://copyposse.com/wp-content/uploads/2022/01/highlight.jpg
2022-01-31T03:40:54,original,image/png,602.0,1280,720,https://copyposse.com/wp-content/uploads/2022/01/nMyC6KirTcKnjRYnbFu8_Write_Ignite.png
2022-01-31T03:41:53,original,image/png,52.1,1027,407,https://copyposse.com/wp-content/uploads/2022/01/morelove.png
2022-01-31T03:47:11,original,image/jpeg,52.4,700,552,https://copyposse.com/wp-content/uploads/2022/01/bg_about_mobile.jpg
2022-01-31T04:06:03,original,image/jpeg,97.6,1248,294,https://copyposse.com/wp-content/uploads/2022/01/bg_testimonials.jpg
2022-01-31T04:08:25,original,image/jpeg,169.3,1420,1420,https://copyposse.com/wp-content/uploads/2022/01/monica.jpeg
2022-01-31T04:13:48,original,image/jpeg,25.4,319,311,https://copyposse.com/wp-content/uploads/2022/01/p_chloe.jpg
2022-01-31T04:17:53,original,image/jpeg,700.3,1825,1825,https://copyposse.com/wp-content/uploads/2022/01/Gabby.jpeg
2022-01-31T04:20:43,original,image/jpeg,69.8,700,667,https://copyposse.com/wp-content/uploads/2022/01/p_gabby.jpg
2022-01-31T16:51:17,original,application/zip,28156.1,,,https://copyposse.com/wp-content/uploads/2022/01/CPLP-Storytelling-Examples.zip
2022-01-31T17:45:44,original,application/pdf,2516.4,,,https://copyposse.com/wp-content/uploads/2022/01/CPLP-Module-3-Workbook.pdf
2022-01-31T19:19:49,original,application/pdf,112.3,,,https://copyposse.com/wp-content/uploads/2022/01/CP-About-Page-Formula.pdf
