folder,date,kind,mime_type,size_kb,width,height,url
2022/01,2022-01-10T20:52:04,original,application/pdf,304.1,,,https://copyposse.com/wp-content/uploads/2022/01/CPLP-S2-Certificate-Jenny-Sanchez.pdf
2022/01,2022-01-12T14:11:18,original,application/pdf,304.0,,,https://copyposse.com/wp-content/uploads/2022/01/CPLP-S2-Certificate-Ferlin-Mok.pdf
2022/01,2022-01-13T14:12:28,original,application/pdf,1956.0,,,https://copyposse.com/wp-content/uploads/2022/01/CPLP-Module-1-Workbook.pdf
2022/01,2022-01-13T20:09:53,original,application/pdf,40529.0,,,https://copyposse.com/wp-content/uploads/2022/01/CPLP-Week-2-Slides.pdf
2022/01,2022-01-13T20:33:24,original,application/pdf,3132.8,,,https://copyposse.com/wp-content/uploads/2022/01/CPLP-Module-2-Workbook.pdf
2022/01,2022-01-13T20:53:06,original,application/pdf,42473.1,,,https://copyposse.com/wp-content/uploads/2022/01/CPLP-Week-3-Slides.pdf
2022/01,2022-01-17T14:51:24,original,application/pdf,302.5,,,https://copyposse.com/wp-content/uploads/2022/01/CPLPS3-Schedule.pdf
2022/01,2022-01-18T15:22:23,original,application/pdf,21894.2,,,https://copyposse.com/wp-content/uploads/2022/01/CPLP-Kickoff-Call-Slides.pdf
2022/01,2022-01-28T08:25:46,original,application/pdf,3007.3,,,https://copyposse.com/wp-content/uploads/2022/01/CPLP-Module-2-Workbook-1.pdf
2022/01,2022-01-31T16:51:17,original,application/zip,28156.1,,,https://copyposse.com/wp-content/uploads/2022/01/CPLP-Storytelling-Examples.zip
2022/01,2022-01-31T17:45:44,original,application/pdf,2516.4,,,https://copyposse.com/wp-content/uploads/2022/01/CPLP-Module-3-Workbook.pdf
2022/02,2022-02-01T20:56:54,original,application/pdf,303.7,,,https://copyposse.com/wp-content/uploads/2022/02/Sayra-Mansuri-CPLP-S2-Certificate.pdf
2022/02,2022-02-02T14:02:39,original,application/pdf,2337.9,,,https://copyposse.com/wp-content/uploads/2022/02/CPLP-Module-4-Workbook.pdf
2022/02,2022-02-02T14:07:20,original,application/pdf,90.5,,,https://copyposse.com/wp-content/uploads/2022/02/CPLP-16-Posse-Approved-Hooks.pdf
2022/02,2022-02-05T13:16:12,original,application/pdf,58144.0,,,https://copyposse.com/wp-content/uploads/2022/02/CPLP-Week-4-Slides.pdf
2022/02,2022-02-05T14:31:19,original,application/pdf,3622.1,,,https://copyposse.com/wp-content/uploads/2022/02/CPLP-Module-5-Workbook.pdf
2022/02,2022-02-05T14:40:44,original,application/pdf,356.5,,,https://copyposse.com/wp-content/uploads/2022/02/CPLP-10-Point-Offer-Map.pdf
2022/02,2022-02-14T14:21:08,original,application/pdf,539.6,,,https://copyposse.com/wp-content/uploads/2022/02/CPLP-Module-6-Workbook.pdf
2022/02,2022-02-14T15:04:25,original,application/pdf,2113.6,,,https://copyposse.com/wp-content/uploads/2022/02/CPLP-Module-7-Workbook.pdf
2022/02,2022-02-15T10:21:58,original,application/pdf,20809.7,,,https://copyposse.com/wp-content/uploads/2022/02/CPLP-Week-5-Slides.pdf
2022/02,2022-02-23T18:38:58,original,application/pdf,26635.1,,,https://copyposse.com/wp-content/uploads/2022/02/CPLP-Week-6-Slides-1.pdf
2022/03,2022-03-03T20:27:04,original,application/pdf,43414.7,,,https://copyposse.com/wp-content/uploads/2022/03/CPLP-Week-7-Slides.pdf
2022/03,2022-03-15T16:20:39,original,application/pdf,269.5,,,https://copyposse.com/wp-content/uploads/2022/03/Tom-Harvey-CPLP-S2-Certificate-of-Completion.pdf
2022/03,2022-03-15T18:14:19,original,application/pdf,379.6,,,https://copyposse.com/wp-content/uploads/2022/03/CPLP-Module-8-Workbook.pdf
2022/03,2022-03-15T18:50:49,original,application/pdf,13957.9,,,https://copyposse.com/wp-content/uploads/2022/03/CPLP-Week-8-Slides.pdf
2022/03,2022-03-22T22:26:29,original,application/pdf,1129.7,,,https://copyposse.com/wp-content/uploads/2022/03/CPLP-Module-9-Workbook.pdf
2022/03,2022-03-22T22:47:05,original,application/pdf,15993.0,,,https://copyposse.com/wp-content/uploads/2022/03/CPLP-Week-9-Slides.pdf
2022/03,2022-03-25T16:32:34,original,application/pdf,1104.0,,,https://copyposse.com/wp-content/uploads/2022/03/Jeffrey-Winch-CPLP-S3-Certificate-of-Completion.pdf
2022/03,2022-03-28T11:03:27,original,application/pdf,1103.9,,,https://copyposse.com/wp-content/uploads/2022/03/CPLP-S3-Certificate-of-Completion-1.pdf
2022/03,2022-03-28T11:03:33,original,application/pdf,1103.9,,,https://copyposse.com/wp-content/uploads/2022/03/CPLP-S3-Certificate-of-Completion-2.pdf
2022/03,2022-03-28T11:03:38,original,application/pdf,1103.9,,,https://copyposse.com/wp-content/uploads/2022/03/CPLP-S3-Certificate-of-Completion-3.pdf
2022/03,2022-03-28T11:03:44,original,application/pdf,1103.8,,,https://copyposse.com/wp-content/uploads/2022/03/CPLP-S3-Certificate-of-Completion-4.pdf
2022/03,2022-03-28T11:03:52,original,application/pdf,1103.8,,,https://copyposse.com/wp-content/uploads/2022/03/CPLP-S3-Certificate-of-Completion-5.pdf
2022/03,2022-03-28T11:03:56,original,application/pdf,1103.8,,,https://copyposse.com/wp-content/uploads/2022/03/CPLP-S3-Certificate-of-Completion-6.pdf
2022/03,2022-03-28T11:04:01,original,application/pdf,1104.0,,,https://copyposse.com/wp-content/uploads/2022/03/CPLP-S3-Certificate-of-Completion-7.pdf
2022/03,2022-03-28T11:04:08,original,application/pdf,1103.6,,,https://copyposse.com/wp-content/uploads/2022/03/CPLP-S3-Certificate-of-Completion.pdf
2022/04,2022-04-07T15:29:53,original,application/pdf,1104.0,,,https://copyposse.com/wp-content/uploads/2022/04/CPLP-S3-Certificate-of-Completion-1.pdf
2022/04,2022-04-07T15:29:56,original,application/pdf,1103.9,,,https://copyposse.com/wp-content/uploads/2022/04/CPLP-S3-Certificate-of-Completion-2.pdf
2022/04,2022-04-07T15:30:01,original,application/pdf,1103.8,,,https://copyposse.com/wp-content/uploads/2022/04/CPLP-S3-Certificate-of-Completion-3.pdf
2022/04,2022-04-07T15:30:06,original,application/pdf,1103.8,,,https://copyposse.com/wp-content/uploads/2022/04/CPLP-S3-Certificate-of-Completion-4.pdf
2022/04,2022-04-07T15:30:11,original,application/pdf,1103.9,,,https://copyposse.com/wp-content/uploads/2022/04/CPLP-S3-Certificate-of-Completion-5.pdf
2022/04,2022-04-07T15:30:15,original,application/pdf,1104.0,,,https://copyposse.com/wp-content/uploads/2022/04/CPLP-S3-Certificate-of-Completion-6.pdf
2022/04,2022-04-07T15:30:18,original,application/pdf,1103.7,,,https://copyposse.com/wp-content/uploads/2022/04/CPLP-S3-Certificate-of-Completion-7.pdf
2022/04,2022-04-07T15:30:22,original,application/pdf,1103.7,,,https://copyposse.com/wp-content/uploads/2022/04/CPLP-S3-Certificate-of-Completion-8.pdf
2022/04,2022-04-07T15:30:26,original,application/pdf,1103.7,,,https://copyposse.com/wp-content/uploads/2022/04/CPLP-S3-Certificate-of-Completion-9.pdf
2022/04,2022-04-07T15:30:30,original,application/pdf,1103.9,,,https://copyposse.com/wp-content/uploads/2022/04/CPLP-S3-Certificate-of-Completion.pdf
2022/04,2022-04-09T15:38:39,original,application/pdf,1104.0,,,https://copyposse.com/wp-content/uploads/2022/04/CPLP-S3-Certificate-of-Completion-10.pdf
2022/04,2022-04-09T15:38:43,original,application/pdf,1103.8,,,https://copyposse.com/wp-content/uploads/2022/04/CPLP-S3-Certificate-of-Completion-1-1.pdf
2022/04,2022-04-09T15:38:49,original,application/pdf,1103.7,,,https://copyposse.com/wp-content/uploads/2022/04/CPLP-S3-Certificate-of-Completion-2-1.pdf
2022/04,2022-04-09T15:38:55,original,application/pdf,1103.8,,,https://copyposse.com/wp-content/uploads/2022/04/CPLP-S3-Certificate-of-Completion-3-1.pdf
2022/04,2022-04-09T15:38:59,original,application/pdf,1103.9,,,https://copyposse.com/wp-content/uploads/2022/04/CPLP-S3-Certificate-of-Completion-4-1.pdf
2022/04,2022-04-12T16:22:42,original,application/pdf,1103.9,,,https://copyposse.com/wp-content/uploads/2022/04/CPLP-S3-Certificate-of-Completion-1-2.pdf
2022/04,2022-04-12T16:22:47,original,application/pdf,1103.7,,,https://copyposse.com/wp-content/uploads/2022/04/CPLP-S3-Certificate-of-Completion-2-2.pdf
2022/04,2022-04-12T16:22:53,original,application/pdf,1104.0,,,https://copyposse.com/wp-content/uploads/2022/04/CPLP-S3-Certificate-of-Completion-3-2.pdf
2022/04,2022-04-12T16:23:00,original,application/pdf,1103.9,,,https://copyposse.com/wp-content/uploads/2022/04/CPLP-S3-Certificate-of-Completion-4-2.pdf
2022/04,2022-04-12T16:23:06,original,application/pdf,1103.7,,,https://copyposse.com/wp-content/uploads/2022/04/CPLP-S3-Certificate-of-Completion-5-1.pdf
2022/04,2022-04-12T16:23:12,original,application/pdf,1103.8,,,https://copyposse.com/wp-content/uploads/2022/04/CPLP-S3-Certificate-of-Completion-6-1.pdf
2022/04,2022-04-12T16:23:17,original,application/pdf,1104.0,,,https://copyposse.com/wp-content/uploads/2022/04/CPLP-S3-Certificate-of-Completion-7-1.pdf
2022/04,2022-04-12T16:23:22,original,application/pdf,1104.0,,,https://copyposse.com/wp-content/uploads/2022/04/CPLP-S3-Certificate-of-Completion-8-1.pdf
2022/04,2022-04-12T16:23:28,original,application/pdf,1104.1,,,https://copyposse.com/wp-content/uploads/2022/04/CPLP-S3-Certificate-of-Completion-9-1.pdf
2022/04,2022-04-12T16:23:36,original,application/pdf,1103.9,,,https://copyposse.com/wp-content/uploads/2022/04/CPLP-S3-Certificate-of-Completion-11.pdf
2022/04,2022-04-12T16:29:44,original,application/pdf,1104.2,,,https://copyposse.com/wp-content/uploads/2022/04/CPLP-S3-Certificate-of-Completion-10-1.pdf
2022/04,2022-04-12T16:29:52,original,application/pdf,1103.8,,,https://copyposse.com/wp-content/uploads/2022/04/CPLP-S3-Certificate-of-Completion-11-1.pdf
2022/04,2022-04-12T16:29:56,original,application/pdf,1104.0,,,https://copyposse.com/wp-content/uploads/2022/04/CPLP-S3-Certificate-of-Completion-12.pdf
2022/04,2022-04-12T16:30:03,original,application/pdf,1103.9,,,https://copyposse.com/wp-content/uploads/2022/04/CPLP-S3-Certificate-of-Completion-13.pdf
2022/04,2022-04-12T16:30:10,original,application/pdf,1103.9,,,https://copyposse.com/wp-content/uploads/2022/04/CPLP-S3-Certificate-of-Completion-14.pdf
2022/04,2022-04-14T13:24:25,original,application/pdf,1104.0,,,https://copyposse.com/wp-content/uploads/2022/04/CPLP-S3-Certificate-of-Completion-1-3.pdf
2022/04,2022-04-14T13:24:29,original,application/pdf,1104.0,,,https://copyposse.com/wp-content/uploads/2022/04/CPLP-S3-Certificate-of-Completion-2-3.pdf
2022/04,2022-04-14T13:24:33,original,application/pdf,1103.7,,,https://copyposse.com/wp-content/uploads/2022/04/CPLP-S3-Certificate-of-Completion-3-3.pdf
2022/04,2022-04-14T13:24:37,original,application/pdf,1103.9,,,https://copyposse.com/wp-content/uploads/2022/04/CPLP-S3-Certificate-of-Completion-4-3.pdf
2022/04,2022-04-14T13:24:42,original,application/pdf,1104.0,,,https://copyposse.com/wp-content/uploads/2022/04/CPLP-S3-Certificate-of-Completion-15.pdf
2022/04,2022-04-15T18:34:14,original,application/pdf,1103.7,,,https://copyposse.com/wp-content/uploads/2022/04/CPLP-S3-Certificate-of-Completion-1-4.pdf
2022/04,2022-04-15T18:34:18,original,application/pdf,1104.1,,,https://copyposse.com/wp-content/uploads/2022/04/CPLP-S3-Certificate-of-Completion-2-4.pdf
2022/04,2022-04-15T18:34:21,original,application/pdf,1103.7,,,https://copyposse.com/wp-content/uploads/2022/04/CPLP-S3-Certificate-of-Completion-3-4.pdf
2022/04,2022-04-15T18:34:25,original,application/pdf,1103.8,,,https://copyposse.com/wp-content/uploads/2022/04/CPLP-S3-Certificate-of-Completion-4-4.pdf
2022/04,2022-04-15T18:34:32,original,application/pdf,1103.7,,,https://copyposse.com/wp-content/uploads/2022/04/CPLP-S3-Certificate-of-Completion-6-2.pdf
2022/04,2022-04-15T18:34:36,original,application/pdf,1103.6,,,https://copyposse.com/wp-content/uploads/2022/04/CPLP-S3-Certificate-of-Completion-7-2.pdf
2022/04,2022-04-15T18:34:39,original,application/pdf,1103.9,,,https://copyposse.com/wp-content/uploads/2022/04/CPLP-S3-Certificate-of-Completion-8-2.pdf
2022/04,2022-04-15T18:34:43,original,application/pdf,1103.8,,,https://copyposse.com/wp-content/uploads/2022/04/CPLP-S3-Certificate-of-Completion-9-2.pdf
2022/04,2022-04-15T18:34:46,original,application/pdf,1103.9,,,https://copyposse.com/wp-content/uploads/2022/04/CPLP-S3-Certificate-of-Completion-10-2.pdf
2022/04,2022-04-15T18:34:49,original,application/pdf,1103.9,,,https://copyposse.com/wp-content/uploads/2022/04/CPLP-S3-Certificate-of-Completion-11-2.pdf
2022/04,2022-04-15T18:34:55,original,application/pdf,1103.9,,,https://copyposse.com/wp-content/uploads/2022/04/CPLP-S3-Certificate-of-Completion-16.pdf
2022/04,2022-04-18T12:02:11,original,application/pdf,1104.1,,,https://copyposse.com/wp-content/uploads/2022/04/CPLP-S3-Certificate-of-Completion-17.pdf
2022/04,2022-04-18T18:59:31,original,application/pdf,1103.8,,,https://copyposse.com/wp-content/uploads/2022/04/CPLP-S3-Certificate-of-Completion-1-5.15.49-PM.pdf
2022/04,2022-04-18T18:59:33,original,application/pdf,1104.0,,,https://copyposse.com/wp-content/uploads/2022/04/CPLP-S3-Certificate-of-Completion-2-5.15.49-PM.pdf
2022/04,2022-04-18T18:59:36,original,application/pdf,1103.9,,,https://copyposse.com/wp-content/uploads/2022/04/CPLP-S3-Certificate-of-Completion-3-5.15.49-PM.pdf
2022/04,2022-04-18T18:59:39,original,application/pdf,1104.1,,,https://copyposse.com/wp-content/uploads/2022/04/CPLP-S3-Certificate-of-Completion-4-5.15.49-PM.pdf
2022/04,2022-04-18T18:59:41,original,application/pdf,1103.7,,,https://copyposse.com/wp-content/uploads/2022/04/CPLP-S3-Certificate-of-Completion-5-5.15.49-PM.pdf
2022/04,2022-04-18T18:59:45,original,application/pdf,1104.1,,,https://copyposse.com/wp-content/uploads/2022/04/CPLP-S3-Certificate-of-Completion-6-5.15.49-PM.pdf
2022/04,2022-04-18T18:59:48,original,application/pdf,1104.1,,,https://copyposse.com/wp-content/uploads/2022/04/CPLP-S3-Certificate-of-Completion-7-5.15.49-PM.pdf
2022/04,2022-04-18T18:59:51,original,application/pdf,1104.1,,,https://copyposse.com/wp-content/uploads/2022/04/CPLP-S3-Certificate-of-Completion-8-5.15.49-PM.pdf
2022/04,2022-04-18T18:59:54,original,application/pdf,1103.7,,,https://copyposse.com/wp-content/uploads/2022/04/CPLP-S3-Certificate-of-Completion-9-5.15.49-PM.pdf
2022/04,2022-04-18T18:59:57,original,application/pdf,1103.7,,,https://copyposse.com/wp-content/uploads/2022/04/CPLP-S3-Certificate-of-Completion-10-5.15.49-PM.pdf
2022/04,2022-04-18T18:59:59,original,application/pdf,1104.4,,,https://copyposse.com/wp-content/uploads/2022/04/CPLP-S3-Certificate-of-Completion-11-5.15.49-PM.pdf
2022/04,2022-04-18T19:00:03,original,application/pdf,1104.0,,,https://copyposse.com/wp-content/uploads/2022/04/CPLP-S3-Certificate-of-Completion-5.15.49-PM.pdf
2022/04,2022-04-23T18:57:17,original,application/pdf,1103.4,,,https://copyposse.com/wp-content/uploads/2022/04/CPLP-S3-Certificate-of-Completion-1-5.pdf
2022/04,2022-04-23T18:57:21,original,application/pdf,1103.2,,,https://copyposse.com/wp-content/uploads/2022/04/CPLP-S3-Certificate-of-Completion-2-5.pdf
2022/04,2022-04-23T18:57:25,original,application/pdf,1103.3,,,https://copyposse.com/wp-content/uploads/2022/04/CPLP-S3-Certificate-of-Completion-3-5.pdf
2022/04,2022-04-23T18:57:28,original,application/pdf,1103.2,,,https://copyposse.com/wp-content/uploads/2022/04/CPLP-S3-Certificate-of-Completion-4-5.pdf
2022/04,2022-04-23T18:57:31,original,application/pdf,1103.1,,,https://copyposse.com/wp-content/uploads/2022/04/CPLP-S3-Certificate-of-Completion-5-3.pdf
2022/04,2022-04-23T18:57:34,original,application/pdf,1103.3,,,https://copyposse.com/wp-content/uploads/2022/04/CPLP-S3-Certificate-of-Completion-6-3.pdf
2022/04,2022-04-23T18:57:38,original,application/pdf,1103.0,,,https://copyposse.com/wp-content/uploads/2022/04/CPLP-S3-Certificate-of-Completion-7-3.pdf
2022/04,2022-04-23T18:57:41,original,application/pdf,1103.3,,,https://copyposse.com/wp-content/uploads/2022/04/CPLP-S3-Certificate-of-Completion-8-3.pdf
2022/04,2022-04-23T18:57:44,original,application/pdf,1103.4,,,https://copyposse.com/wp-content/uploads/2022/04/CPLP-S3-Certificate-of-Completion-9-3.pdf
2022/04,2022-04-23T18:57:49,original,application/pdf,1103.3,,,https://copyposse.com/wp-content/uploads/2022/04/CPLP-S3-Certificate-of-Completion-10-3.pdf
2022/04,2022-04-23T18:57:52,original,application/pdf,1103.9,,,https://copyposse.com/wp-content/uploads/2022/04/CPLP-S3-Certificate-of-Completion-11-3.pdf
2022/04,2022-04-23T18:57:56,original,application/pdf,1103.1,,,https://copyposse.com/wp-content/uploads/2022/04/CPLP-S3-Certificate-of-Completion-12-1.pdf
2022/04,2022-04-23T18:57:59,original,application/pdf,1103.0,,,https://copyposse.com/wp-content/uploads/2022/04/CPLP-S3-Certificate-of-Completion-18.pdf
2022/04,2022-04-24T12:41:21,original,application/pdf,1103.4,,,https://copyposse.com/wp-content/uploads/2022/04/CPLP-S3-Certificate-of-Completion-19.pdf
2022/04,2022-04-29T15:13:19,original,application/pdf,269.2,,,https://copyposse.com/wp-content/uploads/2022/04/CPLP-S2-Certificate-of-Completion-Brittany-Landry.pdf
2022/05,2022-05-03T14:33:22,original,application/pdf,269.4,,,https://copyposse.com/wp-content/uploads/2022/05/CPLP-S2-Certificate-of-Completion.pdf
2022/05,2022-05-03T14:51:25,original,application/pdf,1100.7,,,https://copyposse.com/wp-content/uploads/2022/05/CPLP-S3-Certificate-of-Completion-1.pdf
2022/05,2022-05-03T14:51:29,original,application/pdf,1100.7,,,https://copyposse.com/wp-content/uploads/2022/05/CPLP-S3-Certificate-of-Completion-2.pdf
2022/05,2022-05-03T14:51:34,original,application/pdf,1100.7,,,https://copyposse.com/wp-content/uploads/2022/05/CPLP-S3-Certificate-of-Completion-3.pdf
2022/05,2022-05-03T14:51:38,original,application/pdf,1100.8,,,https://copyposse.com/wp-content/uploads/2022/05/CPLP-S3-Certificate-of-Completion-4.pdf
2022/05,2022-05-03T14:51:43,original,application/pdf,1100.5,,,https://copyposse.com/wp-content/uploads/2022/05/CPLP-S3-Certificate-of-Completion-5.pdf
2022/05,2022-05-03T14:51:47,original,application/pdf,1100.5,,,https://copyposse.com/wp-content/uploads/2022/05/CPLP-S3-Certificate-of-Completion-6.pdf
2022/05,2022-05-03T14:51:51,original,application/pdf,1100.7,,,https://copyposse.com/wp-content/uploads/2022/05/CPLP-S3-Certificate-of-Completion-7.pdf
2022/05,2022-05-03T14:51:56,original,application/pdf,1100.7,,,https://copyposse.com/wp-content/uploads/2022/05/CPLP-S3-Certificate-of-Completion-8.pdf
2022/05,2022-05-03T14:52:00,original,application/pdf,1100.6,,,https://copyposse.com/wp-content/uploads/2022/05/CPLP-S3-Certificate-of-Completion-9.pdf
2022/05,2022-05-03T14:52:05,original,application/pdf,1101.1,,,https://copyposse.com/wp-content/uploads/2022/05/CPLP-S3-Certificate-of-Completion-10.pdf
2022/05,2022-05-03T14:52:09,original,application/pdf,1101.3,,,https://copyposse.com/wp-content/uploads/2022/05/CPLP-S3-Certificate-of-Completion-11.pdf
2022/05,2022-05-03T14:52:14,original,application/pdf,1101.1,,,https://copyposse.com/wp-content/uploads/2022/05/CPLP-S3-Certificate-of-Completion-12.pdf
2022/05,2022-05-03T14:52:19,original,application/pdf,1101.0,,,https://copyposse.com/wp-content/uploads/2022/05/CPLP-S3-Certificate-of-Completion-13.pdf
2022/05,2022-05-03T14:52:24,original,application/pdf,1100.9,,,https://copyposse.com/wp-content/uploads/2022/05/CPLP-S3-Certificate-of-Completion-14.pdf
2022/05,2022-05-03T14:52:28,original,application/pdf,1101.0,,,https://copyposse.com/wp-content/uploads/2022/05/CPLP-S3-Certificate-of-Completion-15.pdf
2022/05,2022-05-03T14:52:33,original,application/pdf,1101.2,,,https://copyposse.com/wp-content/uploads/2022/05/CPLP-S3-Certificate-of-Completion-16.pdf
2022/05,2022-05-03T14:52:38,original,application/pdf,1100.5,,,https://copyposse.com/wp-content/uploads/2022/05/CPLP-S3-Certificate-of-Completion.pdf
2022/05,2022-05-16T22:35:28,original,application/pdf,1054.1,,,https://copyposse.com/wp-content/uploads/2022/05/CPLP-S3-Certificate-of-Completion-17.pdf
2022/05,2022-05-16T22:45:59,original,application/pdf,1054.1,,,https://copyposse.com/wp-content/uploads/2022/05/CPLP-S3-Certificate-of-Completion-1-1.pdf
2022/05,2022-05-16T22:46:01,original,application/pdf,1054.1,,,https://copyposse.com/wp-content/uploads/2022/05/CPLP-S3-Certificate-of-Completion-2-1.pdf
2022/05,2022-05-16T22:46:04,original,application/pdf,1089.8,,,https://copyposse.com/wp-content/uploads/2022/05/CPLP-S3-Certificate-of-Completion-3-1.pdf
2022/05,2022-05-16T22:46:06,original,application/pdf,1089.7,,,https://copyposse.com/wp-content/uploads/2022/05/CPLP-S3-Certificate-of-Completion-4-1.pdf
2022/05,2022-05-16T22:46:09,original,application/pdf,1089.6,,,https://copyposse.com/wp-content/uploads/2022/05/CPLP-S3-Certificate-of-Completion-5-1.pdf
2022/05,2022-05-16T22:46:11,original,application/pdf,1054.3,,,https://copyposse.com/wp-content/uploads/2022/05/CPLP-S3-Certificate-of-Completion-6-1.pdf
2022/05,2022-05-16T22:46:13,original,application/pdf,1054.3,,,https://copyposse.com/wp-content/uploads/2022/05/CPLP-S3-Certificate-of-Completion-7-1.pdf
2022/05,2022-05-16T22:46:14,original,application/pdf,1054.2,,,https://copyposse.com/wp-content/uploads/2022/05/CPLP-S3-Certificate-of-Completion-8-1.pdf
2022/05,2022-05-16T22:46:17,original,application/pdf,1054.1,,,https://copyposse.com/wp-content/uploads/2022/05/CPLP-S3-Certificate-of-Completion-9-1.pdf
2022/05,2022-05-16T22:46:19,original,application/pdf,1054.2,,,https://copyposse.com/wp-content/uploads/2022/05/CPLP-S3-Certificate-of-Completion-10-1.pdf
2022/05,2022-05-25T12:13:32,original,application/pdf,247.3,,,https://copyposse.com/wp-content/uploads/2022/05/CPLP-S2-Certificate-of-Completion-1.pdf
2022/05,2022-05-25T12:13:34,original,application/pdf,1052.6,,,https://copyposse.com/wp-content/uploads/2022/05/CPLP-S3-Certificate-of-Completion-1-2.pdf
2022/05,2022-05-25T12:13:37,original,application/pdf,1052.7,,,https://copyposse.com/wp-content/uploads/2022/05/CPLP-S3-Certificate-of-Completion-2-2.pdf
2022/05,2022-05-25T12:13:39,original,application/pdf,1052.5,,,https://copyposse.com/wp-content/uploads/2022/05/CPLP-S3-Certificate-of-Completion-3-2.pdf
2022/05,2022-05-25T12:13:42,original,application/pdf,1052.7,,,https://copyposse.com/wp-content/uploads/2022/05/CPLP-S3-Certificate-of-Completion-4-2.pdf
2022/05,2022-05-25T12:13:45,original,application/pdf,1052.6,,,https://copyposse.com/wp-content/uploads/2022/05/CPLP-S3-Certificate-of-Completion-18.pdf
2022/06,2022-06-06T14:51:02,original,application/pdf,1052.7,,,https://copyposse.com/wp-content/uploads/2022/06/CPLP-S3-Certificate-of-Completion.pdf
2022/06,2022-06-06T14:51:06,original,application/pdf,1052.8,,,https://copyposse.com/wp-content/uploads/2022/06/CPLP-S3-Certificate-of-Completion-1.pdf
2022/06,2022-06-06T14:51:09,original,application/pdf,1052.7,,,https://copyposse.com/wp-content/uploads/2022/06/CPLP-S3-Certificate-of-Completion-2.pdf
2022/06,2022-06-18T17:18:37,original,image/png,1309.2,2000,1414,https://copyposse.com/wp-content/uploads/2022/06/CPLP-S3-Certificate-of-Completion.png
2022/07,2022-07-06T16:49:13,original,application/pdf,1048.3,,,https://copyposse.com/wp-content/uploads/2022/07/CPLP-S3-Certificate-of-Completion.pdf
2022/07,2022-07-11T21:22:12,original,application/pdf,1048.3,,,https://copyposse.com/wp-content/uploads/2022/07/CPLP-S3-Certificate-of-Completion-1.pdf
2022/08,2022-08-03T12:50:16,original,application/pdf,243.4,,,https://copyposse.com/wp-content/uploads/2022/08/CPLP-S2-Certificate-of-Completion.pdf
2022/08,2022-08-03T12:50:19,original,application/pdf,1048.8,,,https://copyposse.com/wp-content/uploads/2022/08/CPLP-S3-Certificate-of-Completion.pdf
2022/08,2022-08-03T12:50:22,original,application/pdf,1048.7,,,https://copyposse.com/wp-content/uploads/2022/08/CPLP-S3-Certificate-of-Completion-1.pdf
2022/08,2022-08-26T21:04:17,original,application/pdf,1048.7,,,https://copyposse.com/wp-content/uploads/2022/08/CPLP-S3-Certificate-of-Completion-2.pdf
2022/08,2022-08-26T21:04:20,original,application/pdf,1048.6,,,https://copyposse.com/wp-content/uploads/2022/08/CPLP-S3-Certificate-of-Completion-1-1.pdf
2022/08,2022-08-30T17:06:23,original,application/pdf,1794.1,,,https://copyposse.com/wp-content/uploads/2022/08/CPLP-Module-1-Workbook.pdf
2022/08,2022-08-30T17:06:31,original,application/pdf,3013.5,,,https://copyposse.com/wp-content/uploads/2022/08/CPLP-Module-2-Workbook-1.pdf
2022/08,2022-08-30T17:06:36,original,application/pdf,2904.8,,,https://copyposse.com/wp-content/uploads/2022/08/CPLP-Module-3-Workbook.pdf
2022/08,2022-08-30T17:06:40,original,application/pdf,2336.0,,,https://copyposse.com/wp-content/uploads/2022/08/CPLP-Module-4-Workbook.pdf
2022/08,2022-08-30T17:06:44,original,application/pdf,4033.7,,,https://copyposse.com/wp-content/uploads/2022/08/CPLP-Module-5-Workbook.pdf
2022/08,2022-08-30T17:06:47,original,application/pdf,934.2,,,https://copyposse.com/wp-content/uploads/2022/08/CPLP-Module-6-Workbook.pdf
2022/08,2022-08-30T17:06:50,original,application/pdf,2110.5,,,https://copyposse.com/wp-content/uploads/2022/08/CPLP-Module-7-Workbook.pdf
2022/08,2022-08-30T17:06:52,original,application/pdf,804.0,,,https://copyposse.com/wp-content/uploads/2022/08/CPLP-Module-8-Workbook.pdf
2022/09,2022-09-10T21:34:28,original,application/pdf,809.9,,,https://copyposse.com/wp-content/uploads/2022/09/CPLP-10-Point-Offer-Map.pdf
2022/09,2022-09-10T21:34:29,original,application/pdf,546.4,,,https://copyposse.com/wp-content/uploads/2022/09/CPLP-16-Posse-Approved-Hooks.pdf
2022/09,2022-09-21T09:35:16,original,application/pdf,1048.6,,,https://copyposse.com/wp-content/uploads/2022/09/CPLP-S3-Certificate-of-Completion-1.pdf
2022/09,2022-09-21T09:35:18,original,application/pdf,1048.5,,,https://copyposse.com/wp-content/uploads/2022/09/CPLP-S3-Certificate-of-Completion-2.pdf
2022/09,2022-09-22T12:45:47,original,image/png,1319.5,2000,1414,https://copyposse.com/wp-content/uploads/2022/09/CPLP-S3-Certificate-of-Completion.png
2022/09,2022-09-23T15:40:08,original,application/pdf,243.3,,,https://copyposse.com/wp-content/uploads/2022/09/CPLP-S2-Certificate-of-Completion.pdf
2022/09,2022-09-23T15:40:10,original,application/pdf,1048.6,,,https://copyposse.com/wp-content/uploads/2022/09/CPLP-S3-Certificate-of-Completion.pdf
2022/10,2022-10-17T21:56:02,original,application/pdf,1048.8,,,https://copyposse.com/wp-content/uploads/2022/10/CPLP-S3-Certificate-of-Completion.pdf
2022/10,2022-10-25T09:15:54,original,application/pdf,1048.5,,,https://copyposse.com/wp-content/uploads/2022/10/CPLP-S3-Certificate-of-Completion-1.pdf
2022/11,2022-11-08T14:56:22,original,application/pdf,1048.7,,,https://copyposse.com/wp-content/uploads/2022/11/CPLP-S3-Certificate-of-Completion.pdf
2022/11,2022-11-14T03:34:48,original,image/jpeg,226.8,1280,720,https://copyposse.com/wp-content/uploads/2022/11/CPLPS4-Product-Thumbnail.jpg
2022/11,2022-11-14T17:50:31,original,application/pdf,23331.8,,,https://copyposse.com/wp-content/uploads/2022/11/CPLP-Confidential-Launch-Pad-Blueprint.pdf
2022/11,2022-11-15T13:38:09,original,application/pdf,1048.6,,,https://copyposse.com/wp-content/uploads/2022/11/CPLP-S3-Certificate-of-Completion-1.pdf
2022/11,2022-11-21T14:17:55,original,application/pdf,137.2,,,https://copyposse.com/wp-content/uploads/2022/11/CPLPS4-Schedule.pdf
2022/11,2022-11-22T22:43:19,original,application/pdf,16556.8,,,https://copyposse.com/wp-content/uploads/2022/11/CPLP-2022-Email-Social-Promo.pdf
2022/11,2022-11-30T16:05:52,original,application/pdf,1048.7,,,https://copyposse.com/wp-content/uploads/2022/11/CPLP-S3-Certificate-of-Completion-2.pdf
2022/12,2022-12-14T16:10:16,original,application/pdf,243.3,,,https://copyposse.com/wp-content/uploads/2022/12/CPLP-S2-Certificate-of-Completion.pdf
2022/12,2022-12-28T14:02:41,original,application/pdf,80.7,,,https://copyposse.com/wp-content/uploads/2022/12/CPLP-Module-6-Workbook.pdf
